,Date,Time,Open,High,Low,Close,todrop
0,2010-01-03,17:00:00,1.6109,1.6109,1.6105,1.6105,0.0
1,2010-01-10,17:00:00,1.6066,1.6066,1.6066,1.6066,0.0
2,2010-01-17,17:00:00,1.6261,1.6261,1.6261,1.6261,0.0
3,2010-01-24,17:00:00,1.6111,1.6111,1.611,1.6111,0.0
4,2010-01-31,17:00:00,1.5983,1.5983,1.5983,1.5983,0.0
5,2010-02-07,17:00:00,1.5584,1.5585,1.5584,1.5585,0.0
6,2010-02-14,17:00:00,1.5679,1.5679,1.5677,1.5677,0.0
7,2010-02-21,17:00:00,1.5472,1.5472,1.5469,1.547,0.0
8,2010-02-28,17:00:00,1.5154,1.5155,1.5152,1.5154,0.0
9,2010-03-07,17:00:00,1.5133,1.5137,1.5131,1.5136,0.0
10,2010-03-14,17:00:00,1.5175,1.5175,1.5175,1.5175,0.0
11,2010-03-21,17:00:00,1.5024,1.5024,1.5024,1.5024,0.0
12,2010-03-28,17:00:00,1.4895,1.4895,1.4895,1.4895,0.0
13,2010-04-04,17:00:00,1.5282,1.5285,1.5281,1.5285,0.0
14,2010-04-11,17:00:00,1.5459,1.5459,1.5459,1.5459,0.0
15,2010-04-18,17:00:00,1.5274,1.5275,1.5268,1.5268,0.0
16,2010-04-25,17:00:00,1.5386,1.5386,1.5385,1.5386,0.0
17,2010-05-02,17:00:00,1.5331,1.5331,1.5327,1.5327,0.0
18,2010-05-09,17:00:00,1.4879,1.4882,1.4879,1.4882,0.0
19,2010-05-16,17:00:00,1.451,1.451,1.451,1.451,0.0
20,2010-05-23,17:00:00,1.4456,1.4457,1.4456,1.4457,0.0
21,2010-05-30,17:00:00,1.4417,1.4417,1.4403,1.4407,0.0
22,2010-06-06,17:00:00,1.4409,1.4409,1.4409,1.4409,0.0
23,2010-06-13,17:00:00,1.4549,1.4551,1.4545,1.4548,0.0
24,2010-06-20,17:00:00,1.4822,1.4822,1.4822,1.4822,0.0
25,2010-06-27,17:00:00,1.5058,1.5058,1.5058,1.5058,0.0
26,2010-07-04,17:00:00,1.52,1.52,1.5199,1.5199,0.0
27,2010-07-11,17:00:00,1.5075,1.5075,1.5075,1.5075,0.0
28,2010-07-18,17:00:00,1.5273,1.5273,1.5273,1.5273,0.0
29,2010-07-25,17:00:00,1.5415,1.5415,1.5415,1.5415,0.0
30,2010-08-01,17:00:00,1.5709,1.5709,1.5709,1.5709,0.0
31,2010-08-08,17:00:00,1.5963,1.5963,1.5963,1.5963,0.0
32,2010-08-15,17:00:00,1.5606,1.5606,1.5606,1.5606,0.0
33,2010-08-22,17:00:00,1.553,1.553,1.553,1.553,0.0
34,2010-08-29,17:00:00,1.5526,1.5527,1.5525,1.5526,0.0
35,2010-09-05,17:00:00,1.5445,1.5449,1.5445,1.5449,0.0
36,2010-09-12,17:00:00,1.5354,1.5354,1.5354,1.5354,0.0
37,2010-09-19,17:00:00,1.5654,1.5654,1.5654,1.5654,0.0
38,2010-09-26,17:00:00,1.5817,1.5822,1.5816,1.5822,0.0
39,2010-10-03,17:00:00,1.5798,1.58,1.5797,1.58,0.0
40,2010-10-10,17:00:00,1.5962,1.5962,1.5961,1.5961,0.0
41,2010-10-17,17:00:00,1.5976,1.5976,1.5976,1.5976,0.0
42,2010-10-24,17:00:00,1.5678,1.5678,1.5678,1.5678,0.0
43,2010-10-31,17:00:00,1.6044,1.6047,1.6044,1.6047,0.0
44,2010-11-07,17:00:00,1.6192,1.6192,1.6187,1.6187,0.0
45,2010-11-14,17:00:00,1.6148,1.6148,1.6143,1.6144,0.0
46,2010-11-21,17:00:00,1.5979,1.5979,1.5978,1.5979,0.0
47,2010-11-28,17:00:00,1.5594,1.5594,1.5589,1.5591,0.0
48,2010-12-05,17:00:00,1.5758,1.5759,1.5757,1.5759,0.0
49,2010-12-12,17:00:00,1.5798,1.5798,1.5798,1.5798,0.0
50,2010-12-19,17:00:00,1.5515,1.5515,1.5515,1.5515,0.0
51,2010-12-26,17:00:00,1.544,1.544,1.544,1.544,0.0
52,2011-01-02,17:00:00,1.5565,1.5565,1.5565,1.5565,0.0
53,2011-01-09,17:00:00,1.5522,1.5523,1.5522,1.5523,0.0
54,2011-01-16,17:00:00,1.5864,1.5864,1.5864,1.5864,0.0
55,2011-01-23,17:00:00,1.6002,1.6003,1.6002,1.6003,0.0
56,2011-01-30,17:00:00,1.5846,1.5846,1.5845,1.5846,0.0
57,2011-02-06,17:00:00,1.6097,1.6099,1.6097,1.6098,0.0
58,2011-02-13,17:00:00,1.5985,1.5988,1.5985,1.5988,0.0
59,2011-02-20,17:00:00,1.6258,1.6258,1.6258,1.6258,0.0
60,2011-02-27,17:00:00,1.6111,1.6111,1.6109,1.6109,0.0
61,2011-03-06,17:00:00,1.6276,1.6276,1.6272,1.6272,0.0
62,2011-03-13,17:00:00,1.6088,1.609,1.6086,1.609,0.0
63,2011-03-20,17:00:00,1.6233,1.6233,1.6233,1.6233,0.0
64,2011-03-27,17:00:00,1.6004,1.6004,1.6004,1.6004,0.0
65,2011-04-03,17:00:00,1.6108,1.6108,1.6107,1.6107,0.0
66,2011-04-10,17:00:00,1.6373,1.6373,1.6373,1.6373,0.0
67,2011-04-17,17:00:00,1.6307,1.6307,1.6307,1.6307,0.0
68,2011-04-24,17:00:00,1.6529,1.6531,1.6528,1.6531,0.0
69,2011-05-01,17:00:00,1.6712,1.6712,1.6712,1.6712,0.0
70,2011-05-08,17:00:00,1.6356,1.6363,1.6356,1.6363,0.0
71,2011-05-15,17:00:00,1.621,1.6211,1.621,1.6211,0.0
72,2011-05-22,17:00:00,1.6223,1.6224,1.6223,1.6223,0.0
73,2011-05-29,17:00:00,1.65,1.65,1.6499,1.6499,0.0
74,2011-06-05,17:00:00,1.6409,1.6413,1.6409,1.6413,0.0
75,2011-06-12,17:00:00,1.6231,1.6231,1.6231,1.6231,0.0
76,2011-06-19,17:00:00,1.6161,1.6162,1.6161,1.6162,0.0
77,2011-06-26,17:00:00,1.5956,1.5957,1.5955,1.5957,0.0
78,2011-07-03,17:00:00,1.6061,1.6061,1.606,1.606,0.0
79,2011-07-10,17:00:00,1.6016,1.6016,1.6013,1.6014,0.0
80,2011-07-17,17:00:00,1.6109,1.6109,1.6109,1.6109,0.0
81,2011-07-24,17:00:00,1.6333,1.6335,1.6333,1.6335,0.0
82,2011-07-31,17:00:00,1.6425,1.6425,1.6425,1.6425,0.0
83,2011-08-07,17:00:00,1.6469,1.6477,1.6468,1.6475,0.0
84,2011-08-14,17:00:00,1.6278,1.6278,1.6278,1.6278,0.0
85,2011-08-21,17:00:00,1.6468,1.6469,1.6466,1.6466,0.0
86,2011-08-28,17:00:00,1.635,1.6351,1.6348,1.635,0.0
87,2011-09-04,17:00:00,1.6154,1.6155,1.6154,1.6155,0.0
88,2011-09-11,17:00:00,1.5836,1.5836,1.5836,1.5836,0.0
89,2011-09-18,17:00:00,1.5732,1.5732,1.5731,1.5731,0.0
90,2011-09-25,17:00:00,1.5481,1.5481,1.5481,1.5481,0.0
91,2011-10-02,17:00:00,1.5549,1.5549,1.5549,1.5549,0.0
92,2011-10-09,17:00:00,1.556,1.556,1.5558,1.5558,0.0
93,2011-10-16,17:00:00,1.5829,1.5829,1.5829,1.5829,0.0
94,2011-10-23,17:00:00,1.5933,1.5933,1.5933,1.5933,0.0
95,2011-10-30,17:00:00,1.6125,1.6125,1.6123,1.6125,0.0
96,2011-11-06,17:00:00,1.6067,1.6067,1.6063,1.6063,0.0
97,2011-11-13,17:00:00,1.6066,1.607,1.6064,1.6064,0.0
98,2011-11-20,17:00:00,1.58,1.5804,1.58,1.5804,0.0
99,2011-11-27,17:00:00,1.5486,1.5486,1.5485,1.5485,0.0
100,2011-12-04,17:00:00,1.56165,1.56165,1.56157,1.56157,0.0
101,2011-12-11,17:00:00,1.56529,1.56532,1.56529,1.56529,0.0
102,2011-12-18,17:00:00,1.55426,1.55426,1.55421,1.55421,0.0
103,2011-12-25,17:00:00,1.55857,1.55873,1.55843,1.55855,0.0
104,2012-01-01,17:00:00,1.55386,1.55407,1.55381,1.55395,0.0
105,2012-01-08,17:00:00,1.54232,1.5424,1.54232,1.5424,0.0
106,2012-01-15,17:00:00,1.52809,1.52874,1.52808,1.52874,0.0
107,2012-01-22,17:00:00,1.55554,1.55653,1.55554,1.55642,0.0
108,2012-01-29,17:00:00,1.57338,1.57338,1.57334,1.57334,0.0
109,2012-02-05,17:00:00,1.58102,1.58141,1.58102,1.58138,0.0
110,2012-02-12,17:00:00,1.57759,1.57759,1.57747,1.57748,0.0
111,2012-02-19,17:00:00,1.5828,1.5833,1.58276,1.5833,0.0
112,2012-02-26,17:00:00,1.5884,1.58841,1.5884,1.5884,0.0
113,2012-03-04,17:00:00,1.58379,1.58402,1.58379,1.58402,0.0
114,2012-03-11,17:00:00,1.56639,1.56645,1.56639,1.56645,0.0
115,2012-03-18,17:00:00,1.58395,1.58395,1.58395,1.58395,0.0
116,2012-03-25,17:00:00,1.58744,1.58746,1.58741,1.58741,0.0
117,2012-04-01,17:00:00,1.60233,1.60233,1.60231,1.60231,0.0
118,2012-04-08,17:00:00,1.58904,1.58904,1.58904,1.58904,0.0
119,2012-04-15,17:00:00,1.58513,1.58513,1.58513,1.58513,0.0
120,2012-04-22,17:00:00,1.61202,1.61202,1.6119,1.61193,0.0
121,2012-04-29,17:00:00,1.62718,1.62762,1.62718,1.62731,0.0
122,2012-05-06,17:00:00,1.61491,1.61515,1.61467,1.61486,0.0
123,2012-05-13,17:00:00,1.60653,1.60671,1.60637,1.60639,0.0
124,2012-05-20,17:00:00,1.57998,1.57998,1.57994,1.57994,0.0
125,2012-05-27,17:00:00,1.56908,1.5691,1.56906,1.56908,0.0
126,2012-06-03,17:00:00,1.53601,1.53602,1.53601,1.53602,0.0
127,2012-06-10,17:00:00,1.55111,1.55111,1.55092,1.55108,0.0
128,2012-06-17,17:00:00,1.57076,1.57114,1.57073,1.57083,0.0
129,2012-06-24,17:00:00,1.55667,1.55675,1.55659,1.55659,0.0
130,2012-07-01,17:00:00,1.5695,1.56957,1.5695,1.56957,0.0
131,2012-07-08,17:00:00,1.54779,1.54779,1.54735,1.54775,0.0
132,2012-07-15,17:00:00,1.5576,1.55767,1.55745,1.55754,0.0
133,2012-07-22,17:00:00,1.56233,1.56247,1.56217,1.56225,0.0
134,2012-07-29,17:00:00,1.57377,1.57377,1.57365,1.57365,0.0
135,2012-08-05,17:00:00,1.56116,1.56151,1.56112,1.56138,0.0
136,2012-08-12,17:00:00,1.5674,1.56741,1.5673,1.5673,0.0
137,2012-08-19,17:00:00,1.57063,1.57064,1.57047,1.57059,0.0
138,2012-08-26,17:00:00,1.58183,1.58189,1.58176,1.58181,0.0
139,2012-09-02,17:00:00,1.58792,1.58806,1.5879,1.58796,0.0
140,2012-09-09,17:00:00,1.60161,1.60164,1.6013,1.60134,0.0
141,2012-09-16,17:00:00,1.62219,1.62219,1.62213,1.62213,0.0
142,2012-09-23,17:00:00,1.62359,1.62359,1.6235,1.62354,0.0
143,2012-09-30,17:00:00,1.61454,1.61465,1.61454,1.61456,0.0
144,2012-10-07,17:00:00,1.61331,1.61331,1.61331,1.61331,0.0
145,2012-10-14,17:00:00,1.60771,1.60775,1.60744,1.60748,0.0
146,2012-10-21,17:00:00,1.60101,1.60126,1.60101,1.60126,0.0
147,2012-10-28,17:00:00,1.61039,1.61041,1.61035,1.61041,0.0
148,2012-11-04,17:00:00,1.60102,1.60108,1.60099,1.60108,0.0
149,2012-11-11,17:00:00,1.59024,1.59024,1.59013,1.59013,0.0
150,2012-11-18,17:00:00,1.58861,1.58863,1.58853,1.58855,0.0
151,2012-11-25,17:00:00,1.60328,1.60337,1.60311,1.60311,0.0
152,2012-12-02,17:00:00,1.6017,1.60179,1.60167,1.60179,0.0
153,2012-12-09,17:00:00,1.60363,1.60365,1.60354,1.60357,0.0
154,2012-12-16,17:00:00,1.6167,1.61684,1.61662,1.61678,0.0
155,2012-12-23,17:00:00,1.61513,1.61528,1.61513,1.61527,0.0
156,2012-12-30,17:00:00,1.61741,1.61748,1.6171,1.6171,0.0
157,2013-01-06,17:00:00,1.60729,1.60731,1.60718,1.60728,0.0
158,2013-01-13,17:00:00,1.61305,1.61305,1.61283,1.61292,0.0
159,2013-01-20,17:00:00,1.58485,1.58491,1.58485,1.58486,0.0
160,2013-01-27,17:00:00,1.576,1.57626,1.576,1.57626,0.0
161,2013-02-03,17:00:00,1.56908,1.56944,1.56901,1.56924,0.0
162,2013-02-10,17:00:00,1.58,1.58006,1.57947,1.57966,0.0
163,2013-02-17,17:00:00,1.55034,1.55048,1.55034,1.55047,0.0
164,2013-02-24,17:00:00,1.5077,1.50776,1.50744,1.50762,0.0
165,2013-03-03,17:00:00,1.50407,1.50408,1.50406,1.50408,0.0
166,2013-03-10,17:00:00,1.49209,1.49218,1.49199,1.49204,0.0
167,2013-03-17,17:00:00,1.51185,1.51212,1.5118,1.51205,0.0
168,2013-03-24,17:00:00,1.5233,1.52331,1.52325,1.52329,0.0
169,2013-03-31,17:00:00,1.51914,1.51932,1.51911,1.5192,0.0
170,2013-04-07,17:00:00,1.53105,1.53105,1.53091,1.53095,0.0
171,2013-04-14,17:00:00,1.53413,1.53413,1.53411,1.53413,0.0
172,2013-04-21,17:00:00,1.5232,1.52323,1.52273,1.52319,0.0
173,2013-04-28,17:00:00,1.54862,1.54871,1.54858,1.5486,0.0
174,2013-05-05,17:00:00,1.55686,1.55686,1.55681,1.55681,0.0
175,2013-05-12,17:00:00,1.53542,1.5355,1.53542,1.53545,0.0
176,2013-05-19,17:00:00,1.5191,1.51926,1.51905,1.51926,0.0
177,2013-05-26,17:00:00,1.51355,1.51355,1.51355,1.51355,0.0
178,2013-06-02,17:00:00,1.5207,1.5207,1.52065,1.5207,0.0
179,2013-06-09,17:00:00,1.55159,1.55265,1.55155,1.55195,0.0
180,2013-06-16,17:00:00,1.57305,1.57305,1.57278,1.5728,0.0
181,2013-06-23,17:00:00,1.53746,1.53754,1.53746,1.5375,0.0
182,2013-06-30,17:00:00,1.52115,1.52121,1.52083,1.52098,0.0
183,2013-07-07,17:00:00,1.48735,1.48775,1.48735,1.48775,0.0
184,2013-07-14,17:00:00,1.51165,1.51193,1.51162,1.51164,0.0
185,2013-07-21,17:00:00,1.52696,1.52702,1.5269,1.5269,0.0
186,2013-07-28,17:00:00,1.53803,1.53803,1.53799,1.53799,0.0
187,2013-08-04,17:00:00,1.52909,1.52917,1.52909,1.5291,0.0
188,2013-08-11,17:00:00,1.54901,1.54922,1.54893,1.54922,0.0
189,2013-08-18,17:00:00,1.56196,1.562,1.56189,1.56193,0.0
190,2013-08-25,17:00:00,1.55649,1.5566,1.55649,1.5565,0.0
191,2013-09-01,17:00:00,1.55337,1.55337,1.55335,1.55335,0.0
192,2013-09-08,17:00:00,1.56163,1.5618,1.56163,1.5618,0.0
193,2013-09-15,17:00:00,1.59356,1.59391,1.59356,1.59378,0.0
194,2013-09-22,17:00:00,1.60049,1.60052,1.60045,1.60045,0.0
195,2013-09-29,17:00:00,1.61415,1.61424,1.61415,1.61423,0.0
196,2013-10-06,17:00:00,1.60217,1.60217,1.60214,1.60214,0.0
197,2013-10-13,17:00:00,1.59702,1.59726,1.597,1.59725,0.0
198,2013-10-20,17:00:00,1.6173,1.6173,1.61727,1.61727,0.0
199,2013-10-27,17:00:00,1.6165,1.6165,1.61634,1.61645,0.0
200,2013-11-03,17:00:00,1.59244,1.59249,1.59241,1.59243,0.0
201,2013-11-10,17:00:00,1.60019,1.60026,1.60019,1.60026,0.0
202,2013-11-17,17:00:00,1.61228,1.61228,1.6122,1.6122,0.0
203,2013-11-24,17:00:00,1.62241,1.62241,1.62224,1.62241,0.0
204,2013-12-01,17:00:00,1.63691,1.63693,1.63689,1.63693,0.0
205,2013-12-08,17:00:00,1.6346,1.63462,1.6346,1.6346,0.0
206,2013-12-15,17:00:00,1.62937,1.62938,1.62937,1.62937,0.0
207,2013-12-22,17:00:00,1.63395,1.63395,1.63375,1.6338,0.0
208,2013-12-29,17:00:00,1.64808,1.64822,1.64807,1.64807,0.0
209,2014-01-05,17:00:00,1.64011,1.64026,1.64011,1.64026,0.0
210,2014-01-12,17:00:00,1.6484,1.64844,1.64774,1.64774,0.0
211,2014-01-19,17:00:00,1.64179,1.64179,1.64178,1.64179,0.0
212,2014-01-26,17:00:00,1.65021,1.65032,1.65021,1.65025,0.0
213,2014-02-02,17:00:00,1.64204,1.64225,1.64204,1.64225,0.0
214,2014-02-09,17:00:00,1.6397,1.64013,1.6397,1.63988,0.0
215,2014-02-16,17:00:00,1.67667,1.67669,1.67648,1.67661,0.0
216,2014-02-23,17:00:00,1.66272,1.66272,1.6626,1.66271,0.0
217,2014-03-02,17:00:00,1.67126,1.67126,1.67103,1.6712,0.0
218,2014-03-09,17:00:00,1.67289,1.67299,1.67257,1.67299,0.0
219,2014-03-16,17:00:00,1.66443,1.66475,1.66406,1.66406,0.0
220,2014-03-23,17:00:00,1.64617,1.64654,1.64607,1.64654,0.0
221,2014-03-30,17:00:00,1.66549,1.66568,1.66549,1.66551,0.0
222,2014-04-06,17:00:00,1.65718,1.65723,1.65718,1.65723,0.0
223,2014-04-13,17:00:00,1.67189,1.673,1.67189,1.673,0.0
224,2014-04-20,17:00:00,1.67922,1.67924,1.67922,1.67923,0.0
225,2014-04-27,17:00:00,1.68036,1.68036,1.68032,1.68032,0.0
226,2014-05-04,17:00:00,1.68806,1.68855,1.68791,1.68855,0.0
227,2014-05-11,17:00:00,1.68432,1.68434,1.68432,1.68432,0.0
228,2014-05-18,17:00:00,1.68139,1.68141,1.68138,1.68138,0.0
229,2014-05-25,17:00:00,1.68325,1.68342,1.6829,1.68327,0.0
230,2014-06-01,17:00:00,1.67544,1.67544,1.67498,1.67498,0.0
231,2014-06-08,17:00:00,1.68046,1.68046,1.68046,1.68046,0.0
232,2014-06-15,17:00:00,1.69711,1.69712,1.69709,1.69711,0.0
233,2014-06-22,17:00:00,1.70139,1.70139,1.70139,1.70139,0.0
234,2014-06-29,17:00:00,1.70316,1.70318,1.70314,1.70315,0.0
235,2014-07-06,17:00:00,1.71651,1.71661,1.71628,1.71629,0.0
236,2014-07-13,17:00:00,1.71204,1.71204,1.71199,1.71199,0.0
237,2014-07-20,17:00:00,1.70866,1.70866,1.70864,1.70864,0.0
238,2014-07-27,17:00:00,1.69783,1.69783,1.69778,1.69778,0.0
239,2014-08-03,17:00:00,1.68328,1.68337,1.68318,1.68318,0.0
240,2014-08-10,17:00:00,1.67785,1.67785,1.67781,1.67781,0.0
241,2014-08-17,17:00:00,1.67311,1.67311,1.67282,1.67291,0.0
242,2014-08-24,17:00:00,1.65497,1.65497,1.65477,1.65496,0.0
243,2014-08-31,17:00:00,1.65912,1.65929,1.65912,1.65929,0.0
244,2014-09-07,17:00:00,1.61673,1.61717,1.61666,1.61691,0.0
245,2014-09-14,17:00:00,1.62783,1.62783,1.62752,1.62753,0.0
246,2014-09-21,17:00:00,1.63059,1.63059,1.63034,1.63048,0.0
247,2014-09-28,17:00:00,1.6233,1.62341,1.6233,1.62341,0.0
248,2014-10-05,17:00:00,1.59585,1.59625,1.59585,1.59623,0.0
249,2014-10-12,17:00:00,1.60727,1.60734,1.6071,1.60734,0.0
250,2014-10-19,17:00:00,1.61017,1.61034,1.61017,1.61025,0.0
251,2014-10-26,17:00:00,1.60783,1.60828,1.60777,1.6082,0.0
252,2014-11-02,17:00:00,1.59618,1.5962,1.59614,1.59616,0.0
253,2014-11-09,17:00:00,1.58825,1.58826,1.58771,1.58794,0.0
254,2014-11-16,17:00:00,1.5681,1.5681,1.5681,1.5681,0.0
255,2014-11-23,17:00:00,1.56349,1.56367,1.56349,1.56367,0.0
256,2014-11-30,17:00:00,1.56482,1.56482,1.56387,1.56436,0.0
257,2014-12-07,17:00:00,1.5572,1.55766,1.55713,1.55723,0.0
258,2014-12-14,17:00:00,1.57225,1.57228,1.57208,1.57208,0.0
259,2014-12-21,17:00:00,1.56235,1.56236,1.56235,1.56236,0.0
260,2014-12-28,17:00:00,1.5561,1.5567,1.5561,1.55668,0.0
261,2015-01-04,17:00:00,1.52926,1.5298,1.52804,1.52899,0.0
262,2015-01-11,17:00:00,1.51757,1.51789,1.51756,1.51778,0.0
263,2015-01-18,17:00:00,1.51271,1.51343,1.51271,1.51315,0.0
264,2015-01-25,17:00:00,1.5007,1.50113,1.49985,1.5009,0.0
265,2015-02-01,17:00:00,1.50843,1.50947,1.50831,1.50941,0.0
266,2015-02-08,17:00:00,1.52254,1.52258,1.52185,1.52229,0.0
267,2015-02-15,17:00:00,1.54166,1.54178,1.54162,1.54177,0.0
268,2015-02-22,17:00:00,1.53945,1.53982,1.53945,1.53978,0.0
269,2015-03-01,17:00:00,1.54178,1.54212,1.54176,1.54202,0.0
270,2015-03-08,17:00:00,1.50336,1.5037,1.50316,1.50355,0.0
271,2015-03-15,17:00:00,1.47429,1.47437,1.47429,1.47437,0.0
272,2015-03-22,17:00:00,1.49707,1.49707,1.49691,1.49704,0.0
273,2015-03-29,17:00:00,1.48845,1.48869,1.48839,1.48869,0.0
274,2015-04-05,17:00:00,1.49204,1.49231,1.49204,1.49206,0.0
275,2015-04-12,17:00:00,1.46186,1.46207,1.46186,1.46199,0.0
276,2015-04-19,17:00:00,1.49566,1.49577,1.49565,1.49577,0.0
277,2015-04-26,17:00:00,1.51757,1.51769,1.51757,1.51769,0.0
278,2015-05-03,17:00:00,1.51354,1.5137,1.51341,1.5135,0.0
279,2015-05-10,17:00:00,1.54444,1.54444,1.54442,1.54442,0.0
280,2015-05-17,17:00:00,1.57412,1.57412,1.57403,1.57405,0.0
281,2015-05-24,17:00:00,1.54853,1.54864,1.54848,1.54861,0.0
282,2015-05-31,17:00:00,1.52923,1.5294,1.52921,1.52932,0.0
283,2015-06-07,17:00:00,1.52566,1.52593,1.52563,1.52589,0.0
284,2015-06-14,17:00:00,1.55486,1.55487,1.55482,1.55482,0.0
285,2015-06-21,17:00:00,1.58705,1.5872,1.58705,1.5872,0.0
286,2015-06-28,17:00:00,1.569,1.57001,1.569,1.57001,0.0
287,2015-07-05,17:00:00,1.55459,1.5548,1.55451,1.55454,0.0
288,2015-07-12,17:00:00,1.5501,1.55012,1.5501,1.55011,0.0
289,2015-07-19,17:00:00,1.56008,1.56008,1.55961,1.55999,0.0
290,2015-07-26,17:00:00,1.55124,1.55124,1.55122,1.55124,0.0
291,2015-08-02,17:00:00,1.56323,1.56324,1.56318,1.5632,0.0
292,2015-08-09,17:00:00,1.54884,1.54884,1.54879,1.54879,0.0
293,2015-08-16,17:00:00,1.56521,1.56541,1.56514,1.56541,0.0
294,2015-08-23,17:00:00,1.5676,1.56768,1.5676,1.56768,0.0
295,2015-08-30,17:00:00,1.54098,1.54112,1.54096,1.54111,0.0
296,2015-09-06,17:00:00,1.51759,1.51764,1.51755,1.51764,0.0
297,2015-09-13,17:00:00,1.54264,1.54304,1.54264,1.54304,0.0
298,2015-09-20,17:00:00,1.55249,1.55249,1.55217,1.55219,0.0
299,2015-09-27,17:00:00,1.51773,1.51777,1.51737,1.51754,0.0
300,2015-10-04,17:00:00,1.519,1.519,1.51899,1.51899,0.0
301,2015-10-11,17:00:00,1.53181,1.53271,1.5312,1.53205,0.0
302,2015-10-18,17:00:00,1.54354,1.54354,1.54325,1.54328,0.0
303,2015-10-25,17:00:00,1.53162,1.53163,1.53162,1.53163,0.0
304,2015-11-01,17:00:00,1.54491,1.54492,1.54441,1.54466,0.0
305,2015-11-08,17:00:00,1.50495,1.50496,1.50495,1.50496,0.0
306,2015-11-15,17:00:00,1.52267,1.52267,1.52263,1.52263,0.0
307,2015-11-22,17:00:00,1.51853,1.51854,1.51853,1.51854,0.0
308,2015-11-29,17:00:00,1.50331,1.50331,1.50324,1.50324,0.0
309,2015-12-06,17:00:00,1.51008,1.51008,1.51008,1.51008,0.0
310,2015-12-13,17:00:00,1.52292,1.52297,1.52282,1.52297,0.0
311,2015-12-20,17:00:00,1.48984,1.49013,1.48899,1.48899,0.0
312,2015-12-27,17:00:00,1.49234,1.49235,1.49214,1.49215,0.0
313,2016-01-03,17:00:00,1.47335,1.47335,1.47329,1.47329,0.0
314,2016-01-10,17:00:00,1.45241,1.45249,1.45241,1.45249,0.0
315,2016-01-17,17:00:00,1.42527,1.42527,1.42527,1.42527,0.0
316,2016-01-24,17:00:00,1.42646,1.42646,1.4263,1.42635,0.0
317,2016-01-31,17:00:00,1.42494,1.42494,1.42455,1.42455,0.0
318,2016-02-07,17:00:00,1.44814,1.44814,1.44814,1.44814,0.0
319,2016-02-14,17:00:00,1.45029,1.45054,1.44987,1.45002,0.0
320,2016-02-21,17:00:00,1.42652,1.42716,1.42652,1.42716,0.0
321,2016-02-28,17:00:00,1.3855,1.3856,1.38549,1.38549,0.0
322,2016-03-06,17:00:00,1.42158,1.42164,1.42158,1.42164,0.0
323,2016-03-13,17:00:00,1.43685,1.4369,1.43685,1.43685,0.0
324,2016-03-20,17:00:00,1.44389,1.44466,1.44384,1.44466,0.0
325,2016-03-27,17:00:00,1.41332,1.41334,1.41332,1.41332,0.0
326,2016-04-03,17:00:00,1.42212,1.42219,1.42174,1.42174,0.0
327,2016-04-10,17:00:00,1.41135,1.41147,1.41127,1.41147,0.0
328,2016-04-17,17:00:00,1.4196,1.41961,1.41936,1.41941,0.0
329,2016-04-24,17:00:00,1.44621,1.44628,1.44583,1.44585,0.0
330,2016-05-01,17:00:00,1.45825,1.45887,1.45825,1.45885,0.0
331,2016-05-08,17:00:00,1.44139,1.44159,1.44138,1.44159,0.0
332,2016-05-15,17:00:00,1.43504,1.43504,1.43484,1.43486,0.0
333,2016-05-22,17:00:00,1.45101,1.45101,1.45051,1.45053,0.0
334,2016-05-29,17:00:00,1.46044,1.46065,1.46044,1.46063,0.0
335,2016-06-05,17:00:00,1.4464,1.4471,1.4464,1.44696,0.0
336,2016-06-12,17:00:00,1.42638,1.42657,1.4259,1.42657,0.0
337,2016-06-19,17:00:00,1.44679,1.44679,1.44674,1.44674,0.0
338,2016-06-26,17:00:00,1.34099,1.34264,1.34099,1.34213,0.0
339,2016-07-03,17:00:00,1.32466,1.32466,1.32433,1.32458,0.0
340,2016-07-10,17:00:00,1.2946,1.29461,1.2946,1.29461,0.0
341,2016-07-17,17:00:00,1.3194,1.3194,1.31937,1.31937,0.0
342,2016-07-24,17:00:00,1.31432,1.31441,1.31389,1.31432,0.0
343,2016-07-31,17:00:00,1.32363,1.32363,1.32222,1.32222,0.0
344,2016-08-07,17:00:00,1.30761,1.30769,1.30761,1.30769,0.0
345,2016-08-14,17:00:00,1.2926,1.2926,1.29233,1.29235,0.0
346,2016-08-21,17:00:00,1.30533,1.30539,1.30533,1.30539,0.0
347,2016-08-28,17:00:00,1.3108,1.31115,1.3108,1.31115,0.0
348,2016-09-04,17:00:00,1.32963,1.32963,1.32959,1.32959,0.0
349,2016-09-11,17:00:00,1.32635,1.32635,1.3259,1.32611,0.0
350,2016-09-18,17:00:00,1.29975,1.30007,1.29975,1.30007,0.0
351,2016-09-25,17:00:00,1.29633,1.29648,1.29633,1.29648,0.0
352,2016-10-02,17:00:00,1.29165,1.2918,1.29165,1.29165,0.0
353,2016-10-09,17:00:00,1.23952,1.23952,1.23952,1.23952,0.0
354,2016-10-16,17:00:00,1.21523,1.21546,1.21511,1.21535,0.0
355,2016-10-23,17:00:00,1.22218,1.22218,1.2218,1.2218,0.0
356,2016-10-30,17:00:00,1.21747,1.21758,1.21747,1.21753,0.0
357,2016-11-06,17:00:00,1.24523,1.24523,1.24523,1.24523,0.0
358,2016-11-13,17:00:00,1.25742,1.25742,1.2566,1.2566,0.0
359,2016-11-20,17:00:00,1.23383,1.23437,1.23383,1.23437,0.0
360,2016-11-27,17:00:00,1.2471,1.2471,1.2471,1.2471,0.0
361,2016-12-04,17:00:00,1.26795,1.26795,1.26795,1.26795,0.0
362,2016-12-11,17:00:00,1.25775,1.25795,1.25735,1.25795,0.0
363,2016-12-18,17:00:00,1.24814,1.24814,1.24814,1.24814,0.0
364,2016-12-25,17:00:00,1.22795,1.22831,1.22795,1.22831,0.0
365,2017-01-01,17:00:00,1.23331,1.23397,1.23329,1.23395,0.0
366,2017-01-08,17:00:00,1.22455,1.22477,1.22455,1.22477,0.0
367,2017-01-15,17:00:00,1.19946,1.19971,1.19932,1.19949,0.0
368,2017-01-22,17:00:00,1.23758,1.23771,1.23758,1.23771,0.0
369,2017-01-29,17:00:00,1.2584,1.2584,1.2584,1.2584,0.0
370,2017-02-05,17:00:00,1.24853,1.24869,1.24853,1.24869,0.0
371,2017-02-12,17:00:00,1.24869,1.24869,1.24869,1.24869,0.0
372,2017-02-19,17:00:00,1.24025,1.24047,1.24025,1.24047,0.0
373,2017-02-26,17:00:00,1.24697,1.24699,1.24689,1.24694,0.0
374,2017-03-05,17:00:00,1.2283,1.2283,1.2283,1.2283,0.0
375,2017-03-12,17:00:00,1.21607,1.21607,1.21607,1.21607,0.0
376,2017-03-19,17:00:00,1.23834,1.23877,1.23804,1.23821,0.0
377,2017-03-26,17:00:00,1.24908,1.24912,1.24901,1.24902,0.0
378,2017-04-02,17:00:00,1.25435,1.25435,1.25435,1.25435,0.0
379,2017-04-09,17:00:00,1.23797,1.23797,1.23794,1.23794,0.0
380,2017-04-16,17:00:00,1.25289,1.25293,1.25284,1.25284,0.0
381,2017-04-23,17:00:00,1.28343,1.28343,1.28323,1.28323,0.0
382,2017-04-30,17:00:00,1.29286,1.29402,1.29272,1.29402,0.0
383,2017-05-07,17:00:00,1.29758,1.29799,1.29758,1.29799,0.0
384,2017-05-14,17:00:00,1.28806,1.28806,1.28784,1.28802,0.0
385,2017-05-21,17:00:00,1.2989,1.29991,1.2989,1.29945,0.0
386,2017-05-28,17:00:00,1.28018,1.28022,1.28012,1.28012,0.0
387,2017-06-04,17:00:00,1.28576,1.28577,1.2857,1.2857,0.0
388,2017-06-11,17:00:00,1.27108,1.27108,1.27098,1.27098,0.0
389,2017-06-18,17:00:00,1.27609,1.27609,1.27609,1.27609,0.0
390,2017-06-25,17:00:00,1.27352,1.27355,1.27345,1.27355,0.0
391,2017-07-02,17:00:00,1.30017,1.30017,1.30016,1.30016,0.0
392,2017-07-09,17:00:00,1.28785,1.28785,1.28761,1.28761,0.0
393,2017-07-16,17:00:00,1.30963,1.30984,1.30963,1.30984,0.0
394,2017-07-23,17:00:00,1.29909,1.29909,1.29909,1.29909,0.0
395,2017-07-30,17:00:00,1.3123,1.3125,1.3123,1.3125,0.0
396,2017-08-06,17:00:00,1.30363,1.30363,1.30361,1.30361,0.0
397,2017-08-13,17:00:00,1.30081,1.30081,1.30081,1.30081,0.0
398,2017-08-20,17:00:00,1.28626,1.28626,1.28621,1.28621,0.0
399,2017-08-27,17:00:00,1.29212,1.29212,1.29133,1.29133,0.0
400,2017-09-03,17:00:00,1.296,1.296,1.29598,1.29598,0.0
401,2017-09-10,17:00:00,1.31816,1.3182,1.31816,1.31818,0.0
402,2017-09-17,17:00:00,1.35579,1.35587,1.35579,1.35587,0.0
403,2017-09-24,17:00:00,1.34872,1.34872,1.34865,1.34869,0.0
404,2017-10-01,17:00:00,1.33705,1.3372,1.33705,1.3372,0.0
405,2017-10-08,17:00:00,1.30931,1.30931,1.30891,1.30891,0.0
406,2017-10-15,17:00:00,1.32922,1.32922,1.32922,1.32922,0.0
407,2017-10-22,17:00:00,1.31807,1.31834,1.31807,1.31812,0.0
408,2017-10-29,17:00:00,1.31213,1.31213,1.31212,1.31213,0.0
409,2017-11-05,17:00:00,1.30672,1.30673,1.30671,1.30673,0.0
410,2017-11-12,17:00:00,1.31576,1.31626,1.31576,1.31624,0.0
411,2017-11-19,17:00:00,1.32166,1.32166,1.32152,1.32158,0.0
412,2017-11-26,17:00:00,1.33176,1.33255,1.33176,1.33227,0.0
413,2017-12-03,17:00:00,1.34311,1.34396,1.34311,1.34391,0.0
414,2017-12-10,17:00:00,1.33763,1.33763,1.33752,1.33752,0.0
415,2017-12-17,17:00:00,1.33099,1.33105,1.33099,1.33105,0.0
416,2017-12-24,17:00:00,1.33551,1.33559,1.33551,1.33556,0.0
417,2017-12-31,17:00:00,1.35043,1.35046,1.35027,1.35035,0.0
418,2018-01-07,17:00:00,1.35578,1.35583,1.35573,1.35583,0.0
419,2018-01-14,17:00:00,1.37258,1.37288,1.37258,1.37288,0.0
420,2018-01-21,17:00:00,1.38904,1.38907,1.38888,1.38888,0.0
421,2018-01-28,17:00:00,1.4136,1.4136,1.4136,1.4136,0.0
422,2018-02-04,17:00:00,1.40994,1.41008,1.40994,1.41008,0.0
423,2018-02-11,17:00:00,1.38105,1.38106,1.38094,1.38094,0.0
424,2018-02-18,17:00:00,1.40126,1.40127,1.40123,1.40123,0.0
425,2018-02-25,17:00:00,1.39846,1.39848,1.39845,1.39848,0.0
426,2018-03-04,17:00:00,1.37969,1.37969,1.37923,1.37923,0.0
427,2018-03-11,17:00:00,1.38465,1.38491,1.38465,1.38491,0.0
428,2018-03-18,17:00:00,1.39369,1.39369,1.39366,1.39366,0.0
429,2018-03-25,17:00:00,1.41357,1.4136,1.41357,1.41357,0.0
430,2018-04-01,17:00:00,1.4021,1.4021,1.4021,1.4021,0.0
431,2018-04-08,17:00:00,1.40866,1.40866,1.40866,1.40866,0.0
432,2018-04-15,17:00:00,1.42431,1.42431,1.42431,1.42431,0.0
433,2018-04-22,17:00:00,1.39984,1.4,1.39984,1.4,0.0
434,2018-04-29,17:00:00,1.37694,1.37694,1.37677,1.37681,0.0
435,2018-05-06,17:00:00,1.35334,1.35334,1.35334,1.35334,0.0
436,2018-05-13,17:00:00,1.35425,1.35425,1.35425,1.35425,0.0
437,2018-05-20,17:00:00,1.34592,1.34597,1.34591,1.34597,0.0
438,2018-05-27,17:00:00,1.33132,1.33132,1.33132,1.33132,0.0
439,2018-06-03,17:00:00,1.3342,1.3342,1.33407,1.33407,0.0
440,2018-06-10,17:00:00,1.34115,1.34115,1.34083,1.34084,0.0
441,2018-06-17,17:00:00,1.32616,1.32665,1.32615,1.32664,0.0
442,2018-06-24,17:00:00,1.32518,1.32518,1.32514,1.32514,0.0
443,2018-07-01,17:00:00,1.31844,1.31932,1.31756,1.31918,0.0
444,2018-07-08,17:00:00,1.33168,1.3317,1.33115,1.33147,0.0
445,2018-07-15,17:00:00,1.32265,1.32272,1.32265,1.32272,0.0
446,2018-07-22,17:00:00,1.3122,1.3122,1.3121,1.3121,0.0
447,2018-07-29,17:00:00,1.31105,1.31105,1.31105,1.31105,0.0
448,2018-08-05,17:00:00,1.3006,1.3006,1.3006,1.3006,0.0
449,2018-08-12,17:00:00,1.2746,1.27465,1.27442,1.27465,0.0
450,2018-08-19,17:00:00,1.27432,1.27437,1.27387,1.27428,0.0
451,2018-08-26,17:00:00,1.28387,1.28387,1.28386,1.28386,0.0
452,2018-09-02,17:00:00,1.2911,1.2911,1.2911,1.2911,0.0
453,2018-09-09,17:00:00,1.29224,1.29224,1.292,1.29204,0.0
454,2018-09-16,17:00:00,1.30664,1.30664,1.30601,1.30625,0.0
455,2018-09-23,17:00:00,1.30757,1.30757,1.30755,1.30755,0.0
456,2018-09-30,17:00:00,1.30375,1.30377,1.30375,1.30377,0.0
457,2018-10-07,17:00:00,1.31205,1.31206,1.31205,1.31206,0.0
458,2018-10-14,17:00:00,1.30828,1.30831,1.3082,1.30825,0.0
459,2018-10-21,17:00:00,1.30709,1.30711,1.30681,1.30686,0.0
460,2018-10-28,17:00:00,1.28207,1.28217,1.28207,1.28217,0.0
461,2018-11-04,17:00:00,1.3021,1.3021,1.30202,1.30202,0.0
462,2018-11-11,17:00:00,1.2914,1.29197,1.29112,1.29189,0.0
463,2018-11-18,17:00:00,1.28433,1.28433,1.28431,1.28431,0.0
464,2018-11-25,17:00:00,1.28214,1.28216,1.28214,1.28215,0.0
465,2018-12-02,17:00:00,1.27661,1.27661,1.2743,1.2743,0.0
466,2018-12-09,17:00:00,1.27016,1.27018,1.27006,1.27009,0.0
467,2018-12-16,17:00:00,1.26008,1.26013,1.25996,1.26008,0.0
468,2018-12-23,17:00:00,1.26452,1.26455,1.26452,1.26454,0.0
469,2018-12-30,17:00:00,1.26957,1.26957,1.26943,1.26943,0.0
470,2019-01-06,17:00:00,1.27243,1.27258,1.2717,1.2717,0.0
471,2019-01-13,17:00:00,1.28516,1.28543,1.28513,1.28543,0.0
472,2019-01-20,17:00:00,1.28724,1.28767,1.28724,1.28764,0.0
473,2019-01-27,17:00:00,1.31837,1.31838,1.31836,1.31838,0.0
474,2019-02-03,17:00:00,1.30756,1.30804,1.30739,1.30739,0.0
475,2019-02-10,17:00:00,1.2941,1.29441,1.29389,1.29441,0.0
476,2019-02-17,17:00:00,1.29028,1.29028,1.29028,1.29028,0.0
477,2019-02-24,17:00:00,1.30713,1.30716,1.30713,1.30716,0.0
478,2019-03-03,17:00:00,1.32446,1.32464,1.32443,1.32444,0.0
479,2019-03-10,17:00:00,1.29817,1.2988,1.29817,1.29873,0.0
480,2019-03-17,17:00:00,1.32945,1.32975,1.32945,1.32968,0.0
481,2019-03-24,17:00:00,1.32087,1.32141,1.32087,1.32132,0.0
482,2019-03-31,17:00:00,1.30368,1.30368,1.30366,1.30366,0.0
483,2019-04-07,17:00:00,1.30337,1.30338,1.30337,1.30338,0.0
484,2019-04-14,17:00:00,1.3068,1.3068,1.30634,1.30634,0.0
485,2019-04-21,17:00:00,1.29857,1.29857,1.29783,1.29815,0.0
486,2019-04-28,17:00:00,1.29117,1.29147,1.29106,1.29106,0.0
487,2019-05-05,17:00:00,1.31388,1.31434,1.31375,1.31391,0.0
488,2019-05-12,17:00:00,1.29924,1.29924,1.29924,1.29924,0.0
489,2019-05-19,17:00:00,1.27147,1.27151,1.27147,1.2715,0.0
490,2019-05-26,17:00:00,1.27116,1.27128,1.27111,1.27111,0.0
491,2019-06-02,17:00:00,1.26277,1.26277,1.26276,1.26276,0.0
492,2019-06-09,17:00:00,1.27354,1.27357,1.27345,1.27354,0.0
493,2019-06-16,17:00:00,1.25784,1.25791,1.25783,1.25783,0.0
494,2019-06-23,17:00:00,1.2729,1.27298,1.2729,1.27292,0.0
495,2019-06-30,17:00:00,1.26968,1.26973,1.26968,1.26973,0.0
496,2019-07-07,17:00:00,1.25251,1.25251,1.25251,1.25251,0.0
497,2019-07-14,17:00:00,1.25726,1.25737,1.25705,1.25705,0.0
498,2019-07-21,17:00:00,1.24986,1.24986,1.24972,1.24972,0.0
499,2019-07-28,17:00:00,1.23737,1.2375,1.23737,1.23739,0.0
500,2019-08-04,17:00:00,1.21573,1.21574,1.21571,1.21572,0.0
501,2019-08-11,17:00:00,1.20225,1.2025,1.20214,1.20214,0.0
502,2019-08-18,17:00:00,1.21422,1.21434,1.21421,1.21425,0.0
503,2019-08-25,17:00:00,1.22649,1.22667,1.22648,1.22667,0.0
504,2019-09-01,17:00:00,1.21614,1.21614,1.21573,1.21573,0.0
505,2019-09-08,17:00:00,1.22703,1.22704,1.227,1.22704,0.0
506,2019-09-15,17:00:00,1.24968,1.25021,1.24964,1.24974,0.0
507,2019-09-22,17:00:00,1.24657,1.24657,1.24656,1.24657,0.0
508,2019-09-29,17:00:00,1.22867,1.22881,1.22851,1.22851,0.0
509,2019-10-06,17:00:00,1.23305,1.23305,1.23291,1.23291,0.0
510,2019-10-13,17:00:00,1.26242,1.26242,1.2623,1.26242,0.0
511,2019-10-20,17:00:00,1.29498,1.29505,1.29496,1.29505,0.0
512,2019-10-27,17:00:00,1.28157,1.28247,1.28157,1.28231,0.0
513,2019-11-03,17:00:00,1.29268,1.29274,1.29268,1.29273,0.0
514,2019-11-10,17:00:00,1.27978,1.27978,1.2796,1.2796,0.0
515,2019-11-17,17:00:00,1.29239,1.2924,1.29218,1.29222,0.0
516,2019-11-24,17:00:00,1.28554,1.28554,1.28494,1.28549,0.0
517,2019-12-01,17:00:00,1.29093,1.29095,1.29093,1.29094,0.0
518,2019-12-08,17:00:00,1.3134,1.31347,1.3134,1.31343,0.0
519,2019-12-15,17:00:00,1.33349,1.33351,1.33348,1.33351,0.0
520,2019-12-22,17:00:00,1.30019,1.30019,1.30019,1.30019,0.0
521,2019-12-29,17:00:00,1.30848,1.30849,1.30848,1.30849,0.0
522,2020-01-05,17:00:00,1.30786,1.30804,1.30776,1.30787,0.0
523,2020-01-12,17:00:00,1.30347,1.30351,1.30345,1.30351,0.0
524,2020-01-19,17:00:00,1.29915,1.29949,1.29915,1.29949,0.0
525,2020-01-26,17:00:00,1.30799,1.30799,1.3073,1.3073,0.0
526,2020-02-02,17:00:00,1.31766,1.31767,1.31717,1.31735,0.0
527,2020-02-09,17:00:00,1.28843,1.28843,1.28843,1.28843,0.0
528,2020-02-16,17:00:00,1.30324,1.30326,1.3032,1.30323,0.0
529,2020-02-23,17:00:00,1.29449,1.29463,1.29433,1.29452,0.0
530,2020-03-01,17:00:00,1.2813,1.28131,1.28124,1.28125,0.0
531,2020-03-08,17:00:00,1.30764,1.30887,1.30753,1.30876,0.0
532,2020-03-15,17:00:00,1.24111,1.24123,1.24094,1.241,0.0
533,2020-03-22,17:00:00,1.1678,1.16789,1.1673,1.1677,0.0
534,2020-03-29,17:00:00,1.24438,1.2448,1.24437,1.24448,0.0
535,2020-04-05,17:00:00,1.22645,1.22663,1.22635,1.2264,0.0
536,2020-04-12,17:00:00,1.24506,1.24506,1.245,1.245,0.0
537,2020-04-19,17:00:00,1.24954,1.24954,1.24939,1.24939,0.0
538,2020-04-26,17:00:00,1.23627,1.23627,1.23626,1.23626,0.0
539,2020-05-03,17:00:00,1.24851,1.24868,1.24831,1.24831,0.0
540,2020-05-10,17:00:00,1.24044,1.24044,1.24032,1.24033,0.0
541,2020-05-17,17:00:00,1.20824,1.20841,1.20821,1.20841,0.0
542,2020-05-24,17:00:00,1.21734,1.21735,1.21734,1.21735,0.0
543,2020-05-31,17:00:00,1.23236,1.23238,1.23236,1.23237,0.0
544,2020-06-07,17:00:00,1.26661,1.26675,1.26654,1.26656,0.0
545,2020-06-14,17:00:00,1.25112,1.25113,1.25112,1.25113,0.0
546,2020-06-21,17:00:00,1.23472,1.23481,1.23424,1.23476,0.0
547,2020-06-28,17:00:00,1.23336,1.23345,1.23328,1.23343,0.0
548,2020-07-05,17:00:00,1.2464,1.24642,1.2464,1.24641,0.0
549,2020-07-12,17:00:00,1.26192,1.26217,1.26192,1.26202,0.0
550,2020-07-19,17:00:00,1.25651,1.2566,1.2565,1.25654,0.0
551,2020-07-26,17:00:00,1.27903,1.27918,1.27869,1.27917,0.0
552,2020-08-02,17:00:00,1.30836,1.30845,1.30833,1.30836,0.0
553,2020-08-09,17:00:00,1.30535,1.30536,1.30535,1.30536,0.0
554,2020-08-16,17:00:00,1.30838,1.30852,1.30829,1.30829,0.0
555,2020-08-23,17:00:00,1.30798,1.30835,1.30798,1.30835,0.0
556,2020-08-30,17:00:00,1.33494,1.33504,1.33485,1.33488,0.0
557,2020-09-06,17:00:00,1.3279,1.32794,1.32761,1.32782,0.0
558,2020-09-13,17:00:00,1.27938,1.27946,1.27935,1.27942,0.0
559,2020-09-20,17:00:00,1.29154,1.29168,1.29139,1.29143,0.0
560,2020-09-27,17:00:00,1.27617,1.27617,1.27614,1.27614,0.0
561,2020-10-04,17:00:00,1.29337,1.29353,1.29337,1.2934,0.0
562,2020-10-11,17:00:00,1.30234,1.30236,1.3023,1.30234,0.0
563,2020-10-18,17:00:00,1.28924,1.28924,1.28924,1.28924,0.0
564,2020-10-25,17:00:00,1.30448,1.30543,1.30448,1.30515,0.0
565,2020-11-01,17:00:00,1.29243,1.29261,1.29193,1.29219,0.0
566,2020-11-08,17:00:00,1.31592,1.31592,1.31573,1.31585,0.0
567,2020-11-15,17:00:00,1.3166,1.31684,1.3166,1.31668,0.0
568,2020-11-22,17:00:00,1.32927,1.32927,1.32889,1.32889,0.0
569,2020-11-29,17:00:00,1.3331,1.3331,1.33272,1.33276,0.0
570,2020-12-06,17:00:00,1.34092,1.34119,1.34092,1.34115,0.0
571,2020-12-13,17:00:00,1.33603,1.33633,1.33531,1.33547,0.0
572,2020-12-20,17:00:00,1.34004,1.34106,1.33977,1.341,0.0
573,2020-12-27,17:00:00,1.35452,1.35452,1.35452,1.35452,0.0
574,2021-01-03,17:00:00,1.36455,1.36502,1.36455,1.3647,0.0
575,2021-01-10,17:00:00,1.35597,1.35621,1.35545,1.35621,0.0
576,2021-01-17,17:00:00,1.35848,1.35848,1.35769,1.35769,0.0
577,2021-01-24,17:00:00,1.36763,1.36834,1.36763,1.36779,0.0
578,2021-01-31,17:00:00,1.37052,1.37053,1.37048,1.37049,0.0
579,2021-02-07,17:00:00,1.37151,1.37213,1.37135,1.37149,0.0
580,2021-02-14,17:00:00,1.38482,1.38538,1.38482,1.38538,0.0
581,2021-02-21,17:00:00,1.4011,1.40157,1.4011,1.40157,0.0
582,2021-02-28,17:00:00,1.3929,1.3929,1.3929,1.3929,0.0
583,2021-03-07,17:00:00,1.38114,1.38115,1.38104,1.38104,0.0
584,2021-03-14,17:00:00,1.39207,1.39207,1.39181,1.39182,0.0
585,2021-03-21,17:00:00,1.38375,1.38391,1.38354,1.38375,0.0
586,2021-03-28,17:00:00,1.37904,1.37904,1.37887,1.37901,0.0
587,2021-04-04,17:00:00,1.38249,1.38283,1.38239,1.38272,0.0
588,2021-04-11,17:00:00,1.37025,1.37036,1.37025,1.37036,0.0
589,2021-04-18,17:00:00,1.3828,1.3828,1.3828,1.3828,0.0
590,2021-04-25,17:00:00,1.38668,1.38717,1.38668,1.38717,0.0
591,2021-05-02,17:00:00,1.38116,1.38117,1.38063,1.38077,0.0
592,2021-05-09,17:00:00,1.40035,1.40046,1.40014,1.40029,0.0
593,2021-05-16,17:00:00,1.40956,1.40961,1.40955,1.40961,0.0
594,2021-05-23,17:00:00,1.41458,1.41481,1.41403,1.41409,0.0
595,2021-05-30,17:00:00,1.41887,1.41888,1.41834,1.41834,0.0
596,2021-06-06,17:00:00,1.41544,1.41563,1.41537,1.41563,0.0
597,2021-06-13,17:00:00,1.40994,1.40994,1.40994,1.40994,0.0
598,2021-06-20,17:00:00,1.37928,1.38003,1.37928,1.38003,0.0
599,2021-06-27,17:00:00,1.38778,1.38807,1.3877,1.38779,0.0
600,2021-07-04,17:00:00,1.38315,1.38316,1.38244,1.38244,0.0
601,2021-07-11,17:00:00,1.39039,1.39088,1.38924,1.38924,0.0
602,2021-07-18,17:00:00,1.37637,1.37639,1.37565,1.37565,0.0
603,2021-07-25,17:00:00,1.37449,1.37449,1.37402,1.37449,0.0
604,2021-08-01,17:00:00,1.39034,1.39034,1.38951,1.38959,0.0
605,2021-08-08,17:00:00,1.38702,1.38702,1.38698,1.38698,0.0
606,2021-08-15,17:00:00,1.38553,1.38571,1.38552,1.38571,0.0
607,2021-08-22,17:00:00,1.36156,1.36164,1.36156,1.36164,0.0
608,2021-08-29,17:00:00,1.37553,1.37555,1.37553,1.37555,0.0
609,2021-09-05,17:00:00,1.38553,1.38561,1.38553,1.38561,0.0
610,2021-09-12,17:00:00,1.38306,1.38306,1.38286,1.38299,0.0
611,2021-09-19,17:00:00,1.37286,1.37302,1.37256,1.37283,0.0
612,2021-09-26,17:00:00,1.36617,1.36656,1.36608,1.36656,0.0
613,2021-10-03,17:00:00,1.35427,1.35429,1.35423,1.35423,0.0
614,2021-10-10,17:00:00,1.36171,1.36172,1.36171,1.36171,0.0
615,2021-10-17,17:00:00,1.37484,1.37484,1.37484,1.37484,0.0
616,2021-10-24,17:00:00,1.37551,1.37552,1.37513,1.37514,0.0
617,2021-10-31,17:00:00,1.3681,1.36855,1.36806,1.36838,0.0
618,2021-11-07,17:00:00,1.34764,1.34804,1.34758,1.34804,0.0
619,2021-11-14,17:00:00,1.34127,1.34128,1.34127,1.34128,0.0
620,2021-11-21,17:00:00,1.34398,1.34501,1.34374,1.34486,0.0
621,2021-11-28,17:00:00,1.33357,1.33357,1.33356,1.33356,0.0
622,2021-12-05,17:00:00,1.32136,1.32183,1.32136,1.32183,0.0
623,2021-12-12,17:00:00,1.32399,1.325,1.32399,1.325,0.0
624,2021-12-19,17:00:00,1.32366,1.32384,1.32363,1.32379,0.0
